{
    "products": [
        {
            "id":1,
            "category":"Trains & Vehicle",
            "name":"Miss & Chief by Flipkart 4pc 4WD Mini Monster Trucks",
            "price":380,
            "subtotal":380,
            "image":"images/trains/train1.jpeg",
            "quantity":1
        },
        {
            "id":2,
            "category":"Trains & Vehicle",
            "name":"Miss & Chief by Flipkart NXS Racer Track Set  (Multicolor)",
            "price":50,
            "subtotal":50,
            "image":"images/trains/train2.jpg",
            "quantity":1
        },
        {
            "id":3,
            "category":"Trains & Vehicle",
            "name":"Mayne Flying Remote Control RC Induction Type 2-in-1 ",
            "price":80,
            "subtotal":80,
            "image":"images/trains/train3.jpg",
            "quantity":1
        },
        {
            "id":4,
            "category":"Trains & Vehicle",
            "name":"HOT WHEELS Mega Hauler Truck, Stores more than 50 Cars",
            "price":120,
            "subtotal":120,
            "image":"images/trains/train4.jpg",
            "quantity":1
        },
        {
            "id":5,
            "category":"Trains & Vehicle",
            "name":"SSTOYS 3D Fast Modern Car",
            "price":180,
            "subtotal":180,
            "image":"images/trains/train5.jpg",
            "quantity":1
        },
        {
            "id":6,
            "category":"Trains & Vehicle",
            "name":"Kiddie Castle Kids Rechargeable Remote Control 360 ",
            "price":80,
            "subtotal":80,
            "image":"images/trains/train6.avif",
            "quantity":1
        },
        {
            "id":7,
            "category":"Trains & Vehicle",
            "name":"NHR Induction Exceed Helicopter Sensor Aircraft 2 in 1",
            "price":150,
            "subtotal":150,
            "image":"images/trains/train7.avif",
            "quantity":1
        },
        {
            "id":8,
            "category":"Trains & Vehicle",
            "name":"QPK Pull and Go Monster Car Toy For Kids And Boys",
            "price":338,
            "subtotal":338,
            "image":"images/trains/train8.avif",
            "quantity":1
        },
        {
            "id":9,
            "category":"Trains & Vehicle",
            "name":"Toyshack 4 Pull Back Airplane / Jet / Metal Die Cast",
            "price":380,
            "subtotal":380,
            "image":"images/trains/train9.avif",
            "quantity":1
        },
        {
            "id":10,
            "category":"Trains & Vehicle",
            "name":"HOT WHEELS Daredevil Crash Trackset",
            "price":380,
            "subtotal":380,
            "image":"images/trains/train11.jpg",
            "quantity":1
        },
        {
            "id":11,
            "category":"Remote Controlled Toys",
            "name":"VTech Pop and Spin Mower Toy (Frustration Free Packaging) , Green",
            "price":1400,
            "subtotal":1400,
            "image":"images/remote-controlled-toy/remote1.jpg",
            "quantity":1
        },
        {
            "id":12,
            "category":"Remote Controlled Toys",
            "name":"Most Popular 360 Degree Rotation Stunt Remote",
            "price":280,
            "subtotal":280,
            "image":"images/remote-controlled-toy/remote2.jpg",
            "quantity":1
        },
        {
            "id":13,
            "category":"Remote Controlled Toys",
            "name":"1: 16 Scale Remote Control Car for Kids Adults, 2WD High Speed RC Car, 2.4GHz All Terrains Offroad Monster RC Truck with Light",
            "price":50,
            "subtotal":50,
            "image":"images/remote-controlled-toy/remote3.jpg",
            "quantity":1
        },
        {
            "id":14,
            "category":"Remote Controlled Toys",
            "name":"New Arrival High Quality 2.4G Four-Way Remote Control RC Climbing Car with Light and Spray",
            "price":80,
            "subtotal":80,
            "image":"images/remote-controlled-toy/remote4.jpg",
            "quantity":1
        },
        {
            "id":15,
            "category":"Remote Controlled Toys",
            "name":"4 Channel Remote Control Toy Car Bugatti for Kids 1: 18",
            "price":560,
            "subtotal":560,
            "image":"images/remote-controlled-toy/remote5.jpg",
            "quantity":1
        },
        {
            "id":16,
            "category":"Remote Controlled Toys",
            "name":"Factory Wholesale 1: 20 RC Radio Control Pickup Truck",
            "price":350,
            "subtotal":350,
            "image":"images/remote-controlled-toy/remote6.jpeg",
            "quantity":1
        },
        {
            "id":17,
            "category":"Remote Controlled Toys",
            "name":"360 Rolling Double Side Running Stunt RC Car Toy",
            "price":440,
            "subtotal":440,
            "image":"images/remote-controlled-toy/remote7.jpeg",
            "quantity":1
        },
        {
            "id":18,
            "category":"Remote Controlled Toys",
            "name":"Tombotoy Whoesale Children Plastic Radio Control Toys RC Stunt Car Toy RC Car RC Hobby Remote Control Toys RC Model Kids RC Car Toy Car Remote Control Car ",
            "price":1559,
            "subtotal":1559,
            "image":"images/remote-controlled-toy/remote9.jpeg",
            "quantity":1
        },
        {
            "id":19,
            "category":"Remote Controlled Toys",
            "name":"RC Hobby Whoesale Kids Remote Control Transformer",
            "price":220,
            "subtotal":220,
            "image":"images/remote-controlled-toy/train8.jpeg",
            "quantity":1
        },
        {
            "id":20,
            "category":"Ride-On Cars",
            "name":"Miss & Chief by Flipkart Rideons & Wagons Battery",
            "price":195,
            "subtotal":195,
            "image":"images/ride-on-cars/rideon1.jpg",
            "quantity":1
        },
        {
            "id":21,
            "category":"Ride-On Cars",
            "name":"Miss & Chief by Flipkart Rideons & Wagons Battery Opera",
            "price":700,
            "subtotal":700,
            "image":"images/ride-on-cars/rideon2.jpg",
            "quantity":1
        },
        {
            "id":22,
            "category":"Ride-On Cars",
            "name":"Miss & Chief by Flipkart Electric Rideons & Wagons Batt",
            "price":634,
            "subtotal":634,
            "image":"images/ride-on-cars/rideon3.jpg",
            "quantity":1
        },
        {
            "id":23,
            "category":"Ride-On Cars",
            "name":"PP INFINITE BMW 12V Electric Ride On Jeep For Kids With",
            "price":509,
            "subtotal":509,
            "image":"images/ride-on-cars/rideon4.jpg",
            "quantity":1
        },
        {
            "id":24,
            "category":"Ride-On Cars",
            "name":"Miss & Chief by Flipkart Electric Rideons & Wagons ",
            "price":495,
            "subtotal":495,
            "image":"images/ride-on-cars/rideon5.jpg",
            "quantity":1
        },
        {
            "id":69,
            "category":"Ride-On Cars",
            "name":"Toy House Mini Police Patrol Bike with Rechargeable",
            "price":495,
            "subtotal":495,
            "image":"images/ride-on-cars/rideon6.jpeg",
            "quantity":1
        },
        {
            "id":25,
            "category":"Ride-On Cars",
            "name":"SmallBoyToys LAMBO (1-5Yrs) PINK Car Battery Operated",
            "price":925,
            "subtotal":925,
            "image":"images/ride-on-cars/rideon7.jpeg",
            "quantity":1
        },
        {
            "id":26,
            "category":"Ride-On Cars",
            "name":"Ayaan Toys Letz Ride Rocky SUV ATV Rechargeable Battery",
            "price":389,
            "subtotal":389,
            "image":"images/ride-on-cars/rideon8.jpeg",
            "quantity":1
        },
        {
            "id":27,
            "category":"Ride-On Cars",
            "name":"SmallBoyToys Mercedes Polaris 4X4 (1-7 Years) ",
            "price":925,
            "subtotal":925,
            "image":"images/ride-on-cars/rideon9.jpeg",
            "quantity":1
        },
        {
            "id":28,
            "category":"Ride-On Cars",
            "name":"Miss & Chief by Flipkart Sporty 12 V Battery operated r",
            "price":925,
            "subtotal":925,
            "image":"images/ride-on-cars/rideon10.jpeg",
            "quantity":1
        },
        {
            "id":29,
            "category":"Musical Toys",
            "name":"VParents Singing Talking Recording Dancing Cactus Toy",
            "price":925,
            "subtotal":925,
            "image":"images/music-toys/musical1.jpg",
            "quantity":1
        },
        {
            "id":30,
            "category":"Musical Toys",
            "name":"Musical Talking Tom Cat - Grey",
            "price":335,
            "subtotal":335,
            "image":"images/music-toys/musical2.jpg",
            "quantity":1
        },
        {
            "id":31,
            "category":"Musical Toys",
            "name":"Fiddlerz Singing Talking Recording Dancing Cactus Toy",
            "price":189,
            "subtotal":189,
            "image":"images/music-toys/musical3.jpg",
            "quantity":1
        },
        {
            "id":32,
            "category":"Musical Toys",
            "name":"Musical Roly Poly Toy - Yellow",
            "price":700,
            "subtotal":700,
            "image":"images/music-toys/musical4.webp",
            "quantity":1
        },
        {
            "id":33,
            "category":"Musical Toys",
            "name":"FunBlast Cartoon Musical Mobile Phone Toy - Red",
            "price":700,
            "subtotal":700,
            "image":"images/music-toys/musical6.jpeg",
            "quantity":1
        },
        {
            "id":34,
            "category":"Musical Toys",
            "name":"Head Nodding Roly Poly - Orange",
            "price":500,
            "subtotal":500,
            "image":"images/music-toys/musical6.webp",
            "quantity":1
        },
        {
            "id":35,
            "category":"Musical Toys",
            "name":"Baby Moo Butterfly Hanging Musical Toy with Teether ",
            "price":350,
            "subtotal":350,
            "image":"images/music-toys/musical7.webp",
            "quantity":1
        },
        {
            "id":36,
            "category":"Dolls & Dollhouse",
            "name":"nilkhanth Baby Kids My Country Doll House Play Sets ",
            "price":450,
            "subtotal":450,
            "image":"images/dolls/doll1.jpg",
            "quantity":1
        },
        {
            "id":37,
            "category":"Dolls & Dollhouse",
            "name":"SQUICKLE Attractive Dream Kitchen Set Cooking Pretend ",
            "price":600,
            "subtotal":600,
            "image":"images/dolls/doll2.jpg",
            "quantity":1
        },
        {
            "id":38,
            "category":"Dolls & Dollhouse",
            "name":"THE CAPACIOUS Jumbo Size Extremely Light Weight , Water.",
            "price":700,
            "subtotal":700,
            "image":"images/dolls/doll3.jpg",
            "quantity":1
        },
        {
            "id":39,
            "category":"Dolls & Dollhouse",
            "name":"Toyzone TOY-ZONE Dream Palace Doll House For Girls (Multicolor)  (Multicolor)",
            "price":900,
            "subtotal":900,
            "image":"images/dolls/doll4.jpg",
            "quantity":1
        },
        {
            "id":40,
            "category":"Dolls & Dollhouse",
            "name":"CADDLE & TOES Doll House for Girls / Doll Set with Pink.",
            "price":550,
            "subtotal":550,
            "image":"images/dolls/doll5.jpg",
            "quantity":1
        },
        {
            "id":41,
            "category":"Dolls & Dollhouse",
            "name":"Webby DIY Build & Paint Bathroom with Furniture Wooden",
            "price":240,
            "subtotal":240,
            "image":"images/dolls/doll6.jpeg",
            "quantity":1
        },
        {
            "id":42,
            "category":"Dolls & Dollhouse",
            "name":"Mamma Mia Doll House 34 Pcs",
            "price":700,
            "subtotal":700,
            "image":"images/dolls/doll7.jpeg",
            "quantity":1
        },
        {
            "id":43,
            "category":"Dolls & Dollhouse",
            "name":"Toyporium Fashion Girl's Fashion Doll with Dresses Make",
            "price":500,
            "subtotal":500,
            "image":"images/dolls/doll8.jpeg",
            "quantity":1
        },
        {
            "id":44,
            "category":"Dolls & Dollhouse",
            "name":"Miss & Chief by Flipkart Deluxe dream house",
            "price":350,
            "subtotal":350,
            "image":"images/dolls/doll9.jpeg",
            "quantity":1
        },
        {
            "id":45,
            "category":"Dolls & Dollhouse",
            "name":"BARBIE Malibu Doll House for Girls & Boys DIY Paint ",
            "price":450,
            "subtotal":450,
            "image":"images/dolls/doll10.jpeg",
            "quantity":1
        },
        {
            "id":46,
            "category":"Dolls & Dollhouse",
            "name":"Toyzone My Deuxe Doll House Frozen",
            "price":600,
            "subtotal":600,
            "image":"images/dolls/doll11.jpeg",
            "quantity":1
        },
        {
            "id":47,
            "category":"Dolls & Dollhouse",
            "name":"Miss & Chief by Flipkart Foldable Doll House 2 Room",
            "price":700,
            "subtotal":700,
            "image":"images/dolls/doll12.jpeg",
            "quantity":1
        },
        {
            "id":48,
            "category":"Dolls & Dollhouse",
            "name":"MGT CREATION Foldable & Openable Door with Furniture",
            "price":900,
            "subtotal":900,
            "image":"images/dolls/doll13.avif",
            "quantity":1
        },
        {
            "id":49,
            "category":"Dolls & Dollhouse",
            "name":"Toyzone KITCHEN SET BIG 45045",
            "price":550,
            "subtotal":550,
            "image":"images/dolls/doll14.avif",
            "quantity":1
        },
        {
            "id":50,
            "category":"Soft Toys",
            "name":"Webby Soft Animal Plush Elephant Toy",
            "price":240,
            "subtotal":240,
            "image":"images/soft-toy/soft1.jpg",
            "quantity":1
        },
        {
            "id":51,
            "category":"Soft Toys",
            "name":"Babyhug Baby Lion Soft Toy Yellow - Height 25 cm",
            "price":240,
            "subtotal":240,
            "image":"images/soft-toy/soft2.jpg",
            "quantity":1
        },
        {
            "id":52,
            "category":"Soft Toys",
            "name":"Babyhug Dinosaur Soft Toy Yellow - Height 28 cm",
            "price":240,
            "subtotal":240,
            "image":"images/soft-toy/soft3.jpg",
            "quantity":1
        },
        {
            "id":53,
            "category":"Soft Toys",
            "name":"DearJoy Elephant Shaped Plush Soft Toy - Grey",
            "price":240,
            "subtotal":240,
            "image":"images/soft-toy/soft4.jpg",
            "quantity":1
        },
        {
            "id":54,
            "category":"Soft Toys",
            "name":"Babyhug Baby Elephant Soft Toy with Attached Monkey ",
            "price":240,
            "subtotal":240,
            "image":"images/soft-toy/soft5.avif",
            "quantity":1
        },
        {
            "id":55,
            "category":"Soft Toys",
            "name":"Babyhug Dog Soft Toy Light Brown - Length 44 cm",
            "price":240,
            "subtotal":240,
            "image":"images/soft-toy/soft6.avif",
            "quantity":1
        },
        {
            "id":56,
            "category":"Soft Toys",
            "name":"Poodle Dog Soft Toy Height 40 cm (Colour May Vary)",
            "price":240,
            "subtotal":240,
            "image":"images/soft-toy/soft7.avif",
            "quantity":1
        },
        {
            "id":57,
            "category":"Soft Toys",
            "name":"Intellibaby Elephant Snuggler Level 2 - Blue",
            "price":240,
            "subtotal":240,
            "image":"images/soft-toy/soft8.avif",
            "quantity":1
        },
        {
            "id":58,
            "category":"Soft Toys",
            "name":"Deals India Combo of 8 Super Soft Plush Soft Toys... ",
            "price":249,
            "subtotal":249,
            "image":"images/soft-toy/soft9.avif",
            "quantity":1
        },
        {
            "id":59,
            "category":"Soft Toys",
            "name":"Intellibaby Cage Ball Level 5 - Blue Purple",
            "price":240,
            "subtotal":240,
            "image":"images/soft-toy/soft10.avif",
            "quantity":1
        },
        {
            "id":60,
            "category":"Soft Toys",
            "name":"Babyhug Baby Cat Soft Toy - Height 28 cm ",
            "price":240,
            "subtotal":240,
            "image":"images/soft-toy/soft11.avif",
            "quantity":1
        },
        {
            "id":61,
            "category":"Soft Toys",
            "name":"Babyhug Soft Ball Multicolor - Height 11 cm",
            "price":240,
            "subtotal":240,
            "image":"images/soft-toy/soft12.jpg",
            "quantity":1
        },
        {
            "id":62,
            "category":"Soft Toys",
            "name":"Babyhug Baby Penguin Soft Toy - Height 19 cm",
            "price":240,
            "subtotal":240,
            "image":"images/soft-toy/soft13.webp",
            "quantity":1
        },
        {
            "id":63,
            "category":"Soft Toys",
            "name":"Zoe Dinosaur Soft Toy Green - Height 40 cm",
            "price":390,
            "subtotal":290,
            "image":"images/soft-toy/soft14.webp",
            "quantity":1
        },
        {
            "id":64,
            "category":"Soft Toys",
            "name":"Babyhug Lion Soft Toy - Height 31 cm",
            "price":200,
            "subtotal":200,
            "image":"images/soft-toy/soft15.jpg",
            "quantity":1
        },
        {
            "id":65,
            "category":"Soft Toys",
            "name":"MummaSmile Unicorn Stuffed Plush Toy Pink - Length 65...",
            "price":210,
            "subtotal":210,
            "image":"images/soft-toy/soft15.webp",
            "quantity":1
        },
        {
            "id":66,
            "category":"Soft Toys",
            "name":"Elephant Soft Toy Grey - Height 30 cm",
            "price":300,
            "subtotal":300,
            "image":"images/soft-toy/soft16.jpg",
            "quantity":1
        },
        {
            "id":67,
            "category":"Soft Toys",
            "name":"Mi Arcus Elephant Soft Toy Blue - Height 50 cm",
            "price":240,
            "subtotal":240,
            "image":"images/soft-toy/soft16.webp",
            "quantity":1
        },
        {
            "id":68,
            "category":"Soft Toys",
            "name":"Babyhug Rabbit Soft Toy Grey - Height",
            "price":260,
            "subtotal":260,
            "image":"images/soft-toy/soft19.jpg",
            "quantity":1
        },
        {
            "id":69,
            "category":"Soft Toys",
            "name":"Zoe Dinosaur Soft Toy Red - Height 40 cm",
            "price":260,
            "subtotal":260,
            "image":"images/soft-toy/soft17.jpg",
            "quantity":1
        },
        {
            "id":70,
            "category":"Soft Toys",
            "name":"Babyhug Activity Soft Toy Train Multicolour - Length...",
            "price":260,
            "subtotal":260,
            "image":"images/soft-toy/soft18.jpg",
            "quantity":1
        }
        
    ]
}